<?xml version="1.0"?>

<config xmlns:xsi="http://www.w3.org/2001/XMLSchema-instance" xsi:noNamespaceSchemaLocation="urn:magento:framework:ObjectManager/etc/config.xsd">
    <virtualType name="CarouselGirdFilterPool" type="Magento\Framework\View\Element\UiComponent\DataProvider\FilterPool">
        <arguments>
            <argument name="appliers" xsi:type="array">
                <item name="regular" xsi:type="object">Magento\Framework\View\Element\UiComponent\DataProvider\RegularFilter</item>
                <item name="fulltext" xsi:type="object">Magento\Framework\View\Element\UiComponent\DataProvider\FulltextFilter</item>
            </argument>
        </arguments>
    </virtualType>
    <virtualType name="SliderGridDataProvider" type="Magento\Framework\View\Element\UiComponent\DataProvider\DataProvider">
        <arguments>
            <argument name="collection" xsi:type="object" shared="false">Magebase\Carousel\Model\ResourceModel\Slider\Collection</argument>
            <argument name="filterPool" xsi:type="object" shared="false">CarouselGirdFilterPool</argument>
        </arguments>
    </virtualType>
    <virtualType name="Magebase\Carousel\Model\ResourceModel\Slider\Grid\Collection" type="Magento\Framework\View\Element\UiComponent\DataProvider\SearchResult">
        <arguments>
            <argument name="mainTable" xsi:type="string">magebase_carousel_slider</argument>
            <argument name="resourceModel" xsi:type="string">Magebase\Carousel\Model\ResourceModel\Slider</argument>
        </arguments>
    </virtualType>
    <type name="Magento\Framework\View\Element\UiComponent\DataProvider\CollectionFactory">
        <arguments>
            <argument name="collections" xsi:type="array">
                <item name="carousel_slider_listing_data_source" xsi:type="string">Magebase\Carousel\Model\ResourceModel\Slider\Grid\Collection</item>
            </argument>
        </arguments>
    </type>
    <virtualType name="BannerGridDataProvider" type="Magento\Framework\View\Element\UiComponent\DataProvider\DataProvider">
        <arguments>
            <argument name="collection" xsi:type="object" shared="false">Magebase\Carousel\Model\ResourceModel\Banner\Collection</argument>
            <argument name="filterPool" xsi:type="object" shared="false">CarouselGirdFilterPool</argument>
        </arguments>
    </virtualType>
    <virtualType name="Magebase\Carousel\Model\ResourceModel\Banner\Grid\Collection" type="Magento\Framework\View\Element\UiComponent\DataProvider\SearchResult">
        <arguments>
            <argument name="mainTable" xsi:type="string">magebase_carousel_banner</argument>
            <argument name="resourceModel" xsi:type="string">Magebase\Carousel\Model\ResourceModel\Banner</argument>
        </arguments>
    </virtualType>
    <type name="Magento\Framework\View\Element\UiComponent\DataProvider\CollectionFactory">
        <arguments>
            <argument name="collections" xsi:type="array">
                <item name="carousel_banner_listing_data_source" xsi:type="string">Magebase\Carousel\Model\ResourceModel\Banner\Grid\Collection</item>
            </argument>
        </arguments>
    </type>
</config>